component_rank,node_count,share_of_all_nodes_pct
1,142606,97.48171440289836
2,158,0.10800464830131928
3,88,0.060154487661494296
4,82,0.05605304532093786
5,45,0.030760817554173214
6,43,0.029393670107321072
7,41,0.02802652266046893
8,41,0.02802652266046893
9,38,0.025975801490190714
10,38,0.025975801490190714
11,38,0.025975801490190714
12,36,0.024608654043338573
13,34,0.02324150659648643
14,30,0.020507211702782146
15,28,0.019140064255930005
16,25,0.017089343085651788
17,24,0.016405769362225715
18,23,0.015722195638799643
19,22,0.015038621915373574
20,20,0.013671474468521431
21,20,0.013671474468521431
22,20,0.013671474468521431
23,20,0.013671474468521431
24,19,0.012987900745095357
25,19,0.012987900745095357
26,19,0.012987900745095357
27,17,0.011620753298243214
28,17,0.011620753298243214
29,17,0.011620753298243214
30,16,0.010937179574817144
31,16,0.010937179574817144
32,15,0.010253605851391073
33,15,0.010253605851391073
34,15,0.010253605851391073
35,13,0.008886458404538928
36,13,0.008886458404538928
37,12,0.008202884681112858
38,12,0.008202884681112858
39,12,0.008202884681112858
40,12,0.008202884681112858
41,12,0.008202884681112858
42,12,0.008202884681112858
43,12,0.008202884681112858
44,12,0.008202884681112858
45,12,0.008202884681112858
46,11,0.007519310957686787
47,11,0.007519310957686787
48,11,0.007519310957686787
49,11,0.007519310957686787
50,11,0.007519310957686787
51,10,0.006835737234260716
52,10,0.006835737234260716
53,10,0.006835737234260716
54,10,0.006835737234260716
55,10,0.006835737234260716
56,10,0.006835737234260716
57,9,0.006152163510834643
58,9,0.006152163510834643
59,9,0.006152163510834643
60,9,0.006152163510834643
61,9,0.006152163510834643
62,9,0.006152163510834643
63,9,0.006152163510834643
64,9,0.006152163510834643
65,9,0.006152163510834643
66,9,0.006152163510834643
67,9,0.006152163510834643
68,9,0.006152163510834643
69,9,0.006152163510834643
70,8,0.005468589787408572
71,8,0.005468589787408572
72,8,0.005468589787408572
73,8,0.005468589787408572
74,8,0.005468589787408572
75,8,0.005468589787408572
76,8,0.005468589787408572
77,8,0.005468589787408572
78,8,0.005468589787408572
79,8,0.005468589787408572
80,8,0.005468589787408572
81,8,0.005468589787408572
82,8,0.005468589787408572
83,8,0.005468589787408572
84,8,0.005468589787408572
85,7,0.004785016063982501
86,7,0.004785016063982501
87,7,0.004785016063982501
88,7,0.004785016063982501
89,7,0.004785016063982501
90,7,0.004785016063982501
91,7,0.004785016063982501
92,7,0.004785016063982501
93,7,0.004785016063982501
94,7,0.004785016063982501
95,7,0.004785016063982501
96,7,0.004785016063982501
97,7,0.004785016063982501
98,7,0.004785016063982501
99,7,0.004785016063982501
100,7,0.004785016063982501
101,7,0.004785016063982501
102,7,0.004785016063982501
103,7,0.004785016063982501
104,7,0.004785016063982501
105,7,0.004785016063982501
106,7,0.004785016063982501
107,6,0.004101442340556429
108,6,0.004101442340556429
109,6,0.004101442340556429
110,6,0.004101442340556429
111,6,0.004101442340556429
112,6,0.004101442340556429
113,6,0.004101442340556429
114,6,0.004101442340556429
115,6,0.004101442340556429
116,6,0.004101442340556429
117,6,0.004101442340556429
118,6,0.004101442340556429
119,6,0.004101442340556429
120,6,0.004101442340556429
121,6,0.004101442340556429
122,6,0.004101442340556429
123,6,0.004101442340556429
124,6,0.004101442340556429
125,6,0.004101442340556429
126,6,0.004101442340556429
127,6,0.004101442340556429
128,6,0.004101442340556429
129,6,0.004101442340556429
130,6,0.004101442340556429
131,6,0.004101442340556429
132,6,0.004101442340556429
133,6,0.004101442340556429
134,6,0.004101442340556429
135,5,0.003417868617130358
136,5,0.003417868617130358
137,5,0.003417868617130358
138,5,0.003417868617130358
139,5,0.003417868617130358
140,5,0.003417868617130358
141,5,0.003417868617130358
142,5,0.003417868617130358
143,5,0.003417868617130358
144,5,0.003417868617130358
145,5,0.003417868617130358
146,5,0.003417868617130358
147,5,0.003417868617130358
148,5,0.003417868617130358
149,5,0.003417868617130358
150,5,0.003417868617130358
151,5,0.003417868617130358
152,5,0.003417868617130358
153,5,0.003417868617130358
154,5,0.003417868617130358
155,5,0.003417868617130358
156,5,0.003417868617130358
157,5,0.003417868617130358
158,5,0.003417868617130358
159,5,0.003417868617130358
160,5,0.003417868617130358
161,5,0.003417868617130358
162,5,0.003417868617130358
163,5,0.003417868617130358
164,5,0.003417868617130358
165,5,0.003417868617130358
166,5,0.003417868617130358
167,5,0.003417868617130358
168,5,0.003417868617130358
169,5,0.003417868617130358
170,5,0.003417868617130358
171,5,0.003417868617130358
172,5,0.003417868617130358
173,5,0.003417868617130358
174,5,0.003417868617130358
175,5,0.003417868617130358
176,5,0.003417868617130358
177,4,0.002734294893704286
178,4,0.002734294893704286
179,4,0.002734294893704286
180,4,0.002734294893704286
181,4,0.002734294893704286
182,4,0.002734294893704286
183,4,0.002734294893704286
184,4,0.002734294893704286
185,4,0.002734294893704286
186,4,0.002734294893704286
187,4,0.002734294893704286
188,4,0.002734294893704286
189,4,0.002734294893704286
190,4,0.002734294893704286
191,4,0.002734294893704286
192,4,0.002734294893704286
193,4,0.002734294893704286
194,4,0.002734294893704286
195,4,0.002734294893704286
196,4,0.002734294893704286
197,4,0.002734294893704286
198,4,0.002734294893704286
199,4,0.002734294893704286
200,4,0.002734294893704286
201,4,0.002734294893704286
202,4,0.002734294893704286
203,4,0.002734294893704286
204,4,0.002734294893704286
205,4,0.002734294893704286
206,4,0.002734294893704286
207,4,0.002734294893704286
208,4,0.002734294893704286
209,4,0.002734294893704286
210,4,0.002734294893704286
211,4,0.002734294893704286
212,4,0.002734294893704286
213,4,0.002734294893704286
214,4,0.002734294893704286
215,4,0.002734294893704286
216,4,0.002734294893704286
217,4,0.002734294893704286
218,4,0.002734294893704286
219,4,0.002734294893704286
220,4,0.002734294893704286
221,4,0.002734294893704286
222,4,0.002734294893704286
223,4,0.002734294893704286
224,4,0.002734294893704286
225,4,0.002734294893704286
226,4,0.002734294893704286
227,4,0.002734294893704286
228,4,0.002734294893704286
229,4,0.002734294893704286
230,4,0.002734294893704286
231,4,0.002734294893704286
232,4,0.002734294893704286
233,4,0.002734294893704286
234,4,0.002734294893704286
235,4,0.002734294893704286
236,4,0.002734294893704286
237,4,0.002734294893704286
238,4,0.002734294893704286
239,4,0.002734294893704286
240,4,0.002734294893704286
241,4,0.002734294893704286
242,4,0.002734294893704286
243,4,0.002734294893704286
244,4,0.002734294893704286
245,4,0.002734294893704286
246,4,0.002734294893704286
247,4,0.002734294893704286
248,4,0.002734294893704286
249,4,0.002734294893704286
250,3,0.0020507211702782144
251,3,0.0020507211702782144
252,3,0.0020507211702782144
253,3,0.0020507211702782144
254,3,0.0020507211702782144
255,3,0.0020507211702782144
256,3,0.0020507211702782144
257,3,0.0020507211702782144
258,3,0.0020507211702782144
259,3,0.0020507211702782144
260,3,0.0020507211702782144
261,3,0.0020507211702782144
262,3,0.0020507211702782144
263,3,0.0020507211702782144
264,3,0.0020507211702782144
265,3,0.0020507211702782144
266,3,0.0020507211702782144
267,3,0.0020507211702782144
268,3,0.0020507211702782144
269,3,0.0020507211702782144
270,3,0.0020507211702782144
271,3,0.0020507211702782144
272,3,0.0020507211702782144
273,3,0.0020507211702782144
274,3,0.0020507211702782144
275,3,0.0020507211702782144
276,3,0.0020507211702782144
277,3,0.0020507211702782144
278,3,0.0020507211702782144
279,3,0.0020507211702782144
280,3,0.0020507211702782144
281,3,0.0020507211702782144
282,3,0.0020507211702782144
283,3,0.0020507211702782144
284,3,0.0020507211702782144
285,3,0.0020507211702782144
286,3,0.0020507211702782144
287,3,0.0020507211702782144
288,3,0.0020507211702782144
289,3,0.0020507211702782144
290,3,0.0020507211702782144
291,3,0.0020507211702782144
292,3,0.0020507211702782144
293,3,0.0020507211702782144
294,3,0.0020507211702782144
295,3,0.0020507211702782144
296,3,0.0020507211702782144
297,3,0.0020507211702782144
298,3,0.0020507211702782144
299,3,0.0020507211702782144
300,3,0.0020507211702782144
301,3,0.0020507211702782144
302,3,0.0020507211702782144
303,3,0.0020507211702782144
304,3,0.0020507211702782144
305,3,0.0020507211702782144
306,3,0.0020507211702782144
307,3,0.0020507211702782144
308,3,0.0020507211702782144
309,3,0.0020507211702782144
310,3,0.0020507211702782144
311,3,0.0020507211702782144
312,3,0.0020507211702782144
313,3,0.0020507211702782144
314,3,0.0020507211702782144
315,3,0.0020507211702782144
316,3,0.0020507211702782144
317,3,0.0020507211702782144
318,3,0.0020507211702782144
319,3,0.0020507211702782144
320,3,0.0020507211702782144
321,3,0.0020507211702782144
322,3,0.0020507211702782144
323,3,0.0020507211702782144
324,3,0.0020507211702782144
325,3,0.0020507211702782144
326,3,0.0020507211702782144
327,3,0.0020507211702782144
328,3,0.0020507211702782144
329,3,0.0020507211702782144
330,3,0.0020507211702782144
331,3,0.0020507211702782144
332,3,0.0020507211702782144
333,3,0.0020507211702782144
334,3,0.0020507211702782144
335,3,0.0020507211702782144
336,3,0.0020507211702782144
337,3,0.0020507211702782144
338,3,0.0020507211702782144
339,3,0.0020507211702782144
340,3,0.0020507211702782144
341,3,0.0020507211702782144
342,3,0.0020507211702782144
343,3,0.0020507211702782144
344,3,0.0020507211702782144
345,3,0.0020507211702782144
346,3,0.0020507211702782144
347,3,0.0020507211702782144
348,3,0.0020507211702782144
349,3,0.0020507211702782144
350,3,0.0020507211702782144
351,3,0.0020507211702782144
352,3,0.0020507211702782144
353,3,0.0020507211702782144
354,3,0.0020507211702782144
355,3,0.0020507211702782144
356,3,0.0020507211702782144
357,3,0.0020507211702782144
358,3,0.0020507211702782144
359,3,0.0020507211702782144
360,3,0.0020507211702782144
361,3,0.0020507211702782144
362,3,0.0020507211702782144
363,3,0.0020507211702782144
364,3,0.0020507211702782144
365,3,0.0020507211702782144
366,3,0.0020507211702782144
367,3,0.0020507211702782144
368,3,0.0020507211702782144
369,3,0.0020507211702782144
370,3,0.0020507211702782144
371,3,0.0020507211702782144
372,3,0.0020507211702782144
373,3,0.0020507211702782144
374,3,0.0020507211702782144
375,3,0.0020507211702782144
376,3,0.0020507211702782144
377,3,0.0020507211702782144
378,3,0.0020507211702782144
379,3,0.0020507211702782144
380,3,0.0020507211702782144
381,3,0.0020507211702782144
382,3,0.0020507211702782144
383,3,0.0020507211702782144
384,3,0.0020507211702782144
385,3,0.0020507211702782144
386,3,0.0020507211702782144
387,3,0.0020507211702782144
388,3,0.0020507211702782144
389,3,0.0020507211702782144
390,3,0.0020507211702782144
391,3,0.0020507211702782144
392,3,0.0020507211702782144
393,3,0.0020507211702782144
394,3,0.0020507211702782144
395,3,0.0020507211702782144
396,3,0.0020507211702782144
397,3,0.0020507211702782144
398,3,0.0020507211702782144
399,3,0.0020507211702782144
400,3,0.0020507211702782144
401,3,0.0020507211702782144
402,3,0.0020507211702782144
403,3,0.0020507211702782144
404,3,0.0020507211702782144
405,3,0.0020507211702782144
406,3,0.0020507211702782144
407,2,0.001367147446852143
408,2,0.001367147446852143
409,2,0.001367147446852143
410,2,0.001367147446852143
411,2,0.001367147446852143
412,2,0.001367147446852143
413,2,0.001367147446852143
414,2,0.001367147446852143
415,2,0.001367147446852143
416,2,0.001367147446852143
417,2,0.001367147446852143
418,2,0.001367147446852143
419,2,0.001367147446852143
420,2,0.001367147446852143
421,2,0.001367147446852143
422,2,0.001367147446852143
423,2,0.001367147446852143
424,2,0.001367147446852143
425,2,0.001367147446852143
426,2,0.001367147446852143
427,2,0.001367147446852143
428,2,0.001367147446852143
429,2,0.001367147446852143
430,2,0.001367147446852143
431,2,0.001367147446852143
432,2,0.001367147446852143
433,2,0.001367147446852143
434,2,0.001367147446852143
435,2,0.001367147446852143
436,2,0.001367147446852143
437,2,0.001367147446852143
438,2,0.001367147446852143
439,2,0.001367147446852143
440,2,0.001367147446852143
441,2,0.001367147446852143
442,2,0.001367147446852143
443,2,0.001367147446852143
444,2,0.001367147446852143
445,2,0.001367147446852143
446,2,0.001367147446852143
447,2,0.001367147446852143
448,2,0.001367147446852143
449,2,0.001367147446852143
450,2,0.001367147446852143
451,2,0.001367147446852143
452,2,0.001367147446852143
453,2,0.001367147446852143
454,2,0.001367147446852143
455,2,0.001367147446852143
456,2,0.001367147446852143
457,2,0.001367147446852143
458,2,0.001367147446852143
459,2,0.001367147446852143
460,2,0.001367147446852143
461,2,0.001367147446852143
462,2,0.001367147446852143
463,2,0.001367147446852143
464,2,0.001367147446852143
465,2,0.001367147446852143
466,2,0.001367147446852143
467,2,0.001367147446852143
468,2,0.001367147446852143
469,2,0.001367147446852143
470,2,0.001367147446852143
471,2,0.001367147446852143
472,2,0.001367147446852143
473,2,0.001367147446852143
474,2,0.001367147446852143
475,2,0.001367147446852143
476,2,0.001367147446852143
477,2,0.001367147446852143
478,2,0.001367147446852143
479,2,0.001367147446852143
480,2,0.001367147446852143
481,2,0.001367147446852143
482,2,0.001367147446852143
483,2,0.001367147446852143
484,2,0.001367147446852143
485,2,0.001367147446852143
486,2,0.001367147446852143
487,2,0.001367147446852143
488,2,0.001367147446852143
489,2,0.001367147446852143
490,2,0.001367147446852143
491,2,0.001367147446852143
492,2,0.001367147446852143
493,2,0.001367147446852143
494,2,0.001367147446852143
495,2,0.001367147446852143
496,2,0.001367147446852143
497,2,0.001367147446852143
498,2,0.001367147446852143
499,2,0.001367147446852143
500,2,0.001367147446852143
501,2,0.001367147446852143
502,2,0.001367147446852143
503,2,0.001367147446852143
504,2,0.001367147446852143
505,2,0.001367147446852143
506,2,0.001367147446852143
507,2,0.001367147446852143
508,2,0.001367147446852143
509,2,0.001367147446852143
510,2,0.001367147446852143
511,2,0.001367147446852143
512,2,0.001367147446852143
513,2,0.001367147446852143
514,2,0.001367147446852143
515,2,0.001367147446852143
516,2,0.001367147446852143
517,2,0.001367147446852143
518,2,0.001367147446852143
519,2,0.001367147446852143
520,2,0.001367147446852143
521,2,0.001367147446852143
522,2,0.001367147446852143
523,2,0.001367147446852143
524,2,0.001367147446852143
525,2,0.001367147446852143
526,2,0.001367147446852143
527,2,0.001367147446852143
528,2,0.001367147446852143
529,2,0.001367147446852143
530,2,0.001367147446852143
531,2,0.001367147446852143
532,2,0.001367147446852143
533,2,0.001367147446852143
534,2,0.001367147446852143
535,2,0.001367147446852143
536,2,0.001367147446852143
537,2,0.001367147446852143
538,2,0.001367147446852143
539,2,0.001367147446852143
540,2,0.001367147446852143
541,2,0.001367147446852143
542,2,0.001367147446852143
543,2,0.001367147446852143
544,2,0.001367147446852143
545,2,0.001367147446852143
546,2,0.001367147446852143
547,2,0.001367147446852143
548,2,0.001367147446852143
549,2,0.001367147446852143
550,2,0.001367147446852143
551,2,0.001367147446852143
552,2,0.001367147446852143
553,2,0.001367147446852143
554,2,0.001367147446852143
555,2,0.001367147446852143
556,2,0.001367147446852143
557,2,0.001367147446852143
558,2,0.001367147446852143
559,2,0.001367147446852143
560,2,0.001367147446852143
561,2,0.001367147446852143
562,2,0.001367147446852143
563,2,0.001367147446852143
564,2,0.001367147446852143
565,2,0.001367147446852143
566,2,0.001367147446852143
567,2,0.001367147446852143
568,2,0.001367147446852143
569,2,0.001367147446852143
570,2,0.001367147446852143
571,2,0.001367147446852143
572,2,0.001367147446852143
573,2,0.001367147446852143
574,2,0.001367147446852143
575,2,0.001367147446852143
576,2,0.001367147446852143
577,2,0.001367147446852143
578,2,0.001367147446852143
579,2,0.001367147446852143
580,2,0.001367147446852143
581,2,0.001367147446852143
582,2,0.001367147446852143
583,2,0.001367147446852143
584,2,0.001367147446852143
585,2,0.001367147446852143
586,2,0.001367147446852143
587,2,0.001367147446852143
588,2,0.001367147446852143
589,2,0.001367147446852143
590,2,0.001367147446852143
591,2,0.001367147446852143
592,2,0.001367147446852143
593,2,0.001367147446852143
594,2,0.001367147446852143
595,2,0.001367147446852143
596,2,0.001367147446852143
597,2,0.001367147446852143
598,2,0.001367147446852143
599,2,0.001367147446852143
600,2,0.001367147446852143
601,2,0.001367147446852143
602,2,0.001367147446852143
603,2,0.001367147446852143
604,2,0.001367147446852143
605,2,0.001367147446852143
606,2,0.001367147446852143
607,2,0.001367147446852143
608,2,0.001367147446852143
609,2,0.001367147446852143
610,2,0.001367147446852143
611,2,0.001367147446852143
612,2,0.001367147446852143
613,2,0.001367147446852143
614,2,0.001367147446852143
615,2,0.001367147446852143
616,2,0.001367147446852143
617,2,0.001367147446852143
618,2,0.001367147446852143
619,2,0.001367147446852143
620,2,0.001367147446852143
621,2,0.001367147446852143
622,2,0.001367147446852143
623,2,0.001367147446852143
624,2,0.001367147446852143
625,2,0.001367147446852143
626,2,0.001367147446852143
627,2,0.001367147446852143
628,2,0.001367147446852143
629,2,0.001367147446852143
630,2,0.001367147446852143
631,2,0.001367147446852143
632,2,0.001367147446852143
633,2,0.001367147446852143
634,2,0.001367147446852143
635,2,0.001367147446852143
636,2,0.001367147446852143
637,2,0.001367147446852143
638,2,0.001367147446852143
639,2,0.001367147446852143
640,2,0.001367147446852143
641,2,0.001367147446852143
642,2,0.001367147446852143
643,2,0.001367147446852143
644,2,0.001367147446852143
645,2,0.001367147446852143
646,2,0.001367147446852143
647,2,0.001367147446852143
648,2,0.001367147446852143
649,2,0.001367147446852143
650,2,0.001367147446852143
651,2,0.001367147446852143
652,2,0.001367147446852143
653,2,0.001367147446852143
654,2,0.001367147446852143
655,2,0.001367147446852143
656,2,0.001367147446852143
657,2,0.001367147446852143
658,2,0.001367147446852143
659,2,0.001367147446852143
660,2,0.001367147446852143
661,2,0.001367147446852143
662,2,0.001367147446852143
663,2,0.001367147446852143
664,2,0.001367147446852143
665,2,0.001367147446852143
666,2,0.001367147446852143
667,2,0.001367147446852143
668,2,0.001367147446852143
669,2,0.001367147446852143
670,2,0.001367147446852143
671,2,0.001367147446852143
672,2,0.001367147446852143
673,2,0.001367147446852143
674,2,0.001367147446852143
675,2,0.001367147446852143
676,2,0.001367147446852143
677,2,0.001367147446852143
678,2,0.001367147446852143
679,2,0.001367147446852143
680,2,0.001367147446852143
681,2,0.001367147446852143
682,2,0.001367147446852143
683,2,0.001367147446852143
684,2,0.001367147446852143
685,2,0.001367147446852143
686,2,0.001367147446852143
687,2,0.001367147446852143
688,2,0.001367147446852143
689,2,0.001367147446852143
690,2,0.001367147446852143
691,2,0.001367147446852143
692,2,0.001367147446852143
693,2,0.001367147446852143
694,2,0.001367147446852143
695,2,0.001367147446852143
696,2,0.001367147446852143
697,2,0.001367147446852143
698,2,0.001367147446852143
699,2,0.001367147446852143
700,2,0.001367147446852143
701,2,0.001367147446852143
702,2,0.001367147446852143
703,2,0.001367147446852143
704,2,0.001367147446852143
705,2,0.001367147446852143
706,2,0.001367147446852143
707,2,0.001367147446852143
708,2,0.001367147446852143
709,2,0.001367147446852143
710,2,0.001367147446852143
711,2,0.001367147446852143
712,2,0.001367147446852143
713,2,0.001367147446852143
714,2,0.001367147446852143
715,2,0.001367147446852143
716,2,0.001367147446852143
717,2,0.001367147446852143
718,2,0.001367147446852143
719,2,0.001367147446852143
720,2,0.001367147446852143
721,2,0.001367147446852143
722,2,0.001367147446852143
723,2,0.001367147446852143
724,2,0.001367147446852143
725,2,0.001367147446852143
726,2,0.001367147446852143
727,2,0.001367147446852143
728,2,0.001367147446852143
729,2,0.001367147446852143
730,2,0.001367147446852143
731,2,0.001367147446852143
732,2,0.001367147446852143
733,2,0.001367147446852143
734,2,0.001367147446852143
735,2,0.001367147446852143
736,2,0.001367147446852143
737,2,0.001367147446852143
738,2,0.001367147446852143
739,2,0.001367147446852143
740,2,0.001367147446852143
741,2,0.001367147446852143
742,2,0.001367147446852143
743,2,0.001367147446852143
744,2,0.001367147446852143
745,2,0.001367147446852143
746,2,0.001367147446852143
747,2,0.001367147446852143
748,2,0.001367147446852143
749,2,0.001367147446852143
750,2,0.001367147446852143
751,2,0.001367147446852143
752,2,0.001367147446852143
753,2,0.001367147446852143
754,2,0.001367147446852143
755,2,0.001367147446852143
756,2,0.001367147446852143
757,2,0.001367147446852143
758,2,0.001367147446852143
759,2,0.001367147446852143
760,2,0.001367147446852143
761,2,0.001367147446852143
762,2,0.001367147446852143
763,2,0.001367147446852143
764,2,0.001367147446852143
765,2,0.001367147446852143
766,2,0.001367147446852143
767,2,0.001367147446852143
768,2,0.001367147446852143
769,2,0.001367147446852143
770,2,0.001367147446852143
771,2,0.001367147446852143
772,2,0.001367147446852143
773,2,0.001367147446852143
774,2,0.001367147446852143
775,2,0.001367147446852143
776,2,0.001367147446852143
777,2,0.001367147446852143
778,2,0.001367147446852143
779,2,0.001367147446852143
780,2,0.001367147446852143
781,2,0.001367147446852143
782,2,0.001367147446852143
783,2,0.001367147446852143
784,2,0.001367147446852143
785,2,0.001367147446852143
786,2,0.001367147446852143
787,2,0.001367147446852143
788,2,0.001367147446852143
789,2,0.001367147446852143
790,2,0.001367147446852143
791,2,0.001367147446852143
792,2,0.001367147446852143
793,2,0.001367147446852143
794,2,0.001367147446852143
795,2,0.001367147446852143
796,2,0.001367147446852143
797,2,0.001367147446852143
798,2,0.001367147446852143
799,2,0.001367147446852143
800,2,0.001367147446852143
801,2,0.001367147446852143
802,2,0.001367147446852143
803,2,0.001367147446852143
804,2,0.001367147446852143
805,2,0.001367147446852143
806,2,0.001367147446852143
807,2,0.001367147446852143
808,2,0.001367147446852143
